INSERT INTO STORE (Name, Address, Zip, Sun_O, Sun_C, Mon_O, Mon_C, Tue_O, Tue_C, Wed_O, Wed_C, Thu_O, Thu_C, Fri_O, Fri_C, Sat_O, Sat_C) VALUES ('Meyer''s Super Foods' , '82-19 Dr. Brule Avenue', '11892', '900', '1900', '730', '2300', '730', '2300', '730', '2300', '730', '2300', '730', '2300', '730', '2300');
INSERT INTO AISLE (Number, StoreID) VALUES (1, 1);
INSERT INTO AISLE (Number, StoreID) VALUES (2, 1);
INSERT INTO AISLE (Number, StoreID) VALUES (3, 1);
INSERT INTO AISLE (Number, StoreID) VALUES (4, 1);
INSERT INTO AISLE (Number, StoreID) VALUES (5, 1);
INSERT INTO AISLE (Number, StoreID) VALUES (6, 1);
INSERT INTO AISLE (Number, StoreID) VALUES (7, 1);
INSERT INTO AISLE (Number, StoreID) VALUES (8, 1);
INSERT INTO ITEM (Name) VALUES ('Rice');
INSERT INTO ITEM (Name) VALUES ('Water');
INSERT INTO ITEM (Name) VALUES ('Milk');
INSERT INTO ITEM (Name) VALUES ('Bread');
INSERT INTO ITEM (Name) VALUES ('Cheese');
INSERT INTO ITEM (Name) VALUES ('Meat');
INSERT INTO ITEM (Name) VALUES ('Produce');
INSERT INTO ITEM (Name) VALUES ('Cereal');
INSERT INTO ITEM (Name) VALUES ('Eggs');
INSERT INTO ITEM (Name) VALUES ('Sugar');
INSERT INTO ITEM (Name) VALUES ('Flour');
INSERT INTO ITEM (Name) VALUES ('Soda');
INSERT INTO ITEM (Name) VALUES ('Pasta');
INSERT INTO ITEM (Name) VALUES ('Deep Sea Diving Equipment');
INSERT INTO POSITION (ITEM, StoreID, Aisle_Number, Shelf_Number, PIA, Comment) Values ('Rice', '1', '3', '6','Middle','It''s Below The Dishwashing Liquid');
INSERT INTO POSITION (ITEM, StoreID, Aisle_Number, Shelf_Number, PIA, Comment) Values ('Eggs', '1', '1', '1','Back','End Of The Aisle Next To The Milk'); 
INSERT INTO POSITION (ITEM, StoreID, Aisle_Number, Shelf_Number, PIA, Comment) Values ('Milk', '1', '1', '1','Back','End Of The Aisle Next To The Eggs'); 
INSERT INTO POSITION (ITEM, StoreID, Aisle_Number, Shelf_Number, PIA, Comment) Values ('Deep Sea Diving Equipment', '1', '8', '44','Entire Aisle','Watch Out For The Kraken!');